"19-2000","Gorillaz","Gorillaz","210000","0","1",""
"19","Draw Attention To Themselves (Wide Release)","Yves Klein Blue","303000","0","30",""
"3 Men Marching","Grand Caravan To The Rim Of The World","3 Melancholy Gypsys","293000","0","14",""
"3rd Planet","The Moon &amp; Antarctica","Modest Mouse","239000","0","0",""
"3rd Planet","The Moon &amp; Antarctica","Modest Mouse","240000","0","3",""
"3 Rings","Grand Caravan To The Rim Of The World","3 Melancholy Gypsys","278000","0","15",""
"40oz. On Repeat","Too","FIDLAR","233000","0","78",""
"5/4","Gorillaz","Gorillaz","162000","0","2",""
"60 Revolutions","Gypsy Punks: Underdog World Strike","Gogol Bordello","178000","0","5",""
"&#39;97 Bonnie &amp; Clyde","The Slim Shady LP","Eminem","316000","0","6",""
"(A Bookend)","Draw Attention To Themselves (Wide Release)","Yves Klein Blue","200000","0","26",""
"Accusations","The Future Will Come","The Juan Maclean","332000","0","0",""
"A Different City","The Moon &amp; Antarctica","Modest Mouse","187000","0","0",""
"Adrenaline","Adrenaline","Zeds Dead","212000","0","8",""
"A Far Cry","The Last Place You&#39;ll Look","We Were Promised Jetpacks","292000","0","0",""
"Afterlife","Avenged Sevenfold","Avenged Sevenfold","351000","5","22",""
"A Little Piece Of Heaven","Avenged Sevenfold","Avenged Sevenfold","480000","5","41",""
"All Alone (feat. Martina Topley Bird)","Demon Days","Gorillaz","213000","0","2",""
"All I Need Is One","Cardboard Castles","Watsky","226000","0","1",""
"All I Wanna Know","Tom Ugly EP","Tom Ugly","196000","0","26",""
"All Or Nothing","Let It Burn","Datsik","252000","0","1",""
"Almost Easy","Avenged Sevenfold","Avenged Sevenfold","234000","0","16",""
"Alone Down There","The Moon &amp; Antarctica","Modest Mouse","142000","0","2",""
"Always Back In Town","Sunbathing Animal","Parquet Courts","157000","0","24",""
"Amarillo","The Fall","Gorillaz","204000","0","0",""
"American Garbage","The Bible 2","AJJ","144000","0","1",""
"American Tune","Knife Man","AJJ","147000","0","4",""
"Ana&#39;s Song (Open Fire)","Neon Ballroom","Silverchair","222000","0","0",""
"And If","Grand Caravan To The Rim Of The World","3 Melancholy Gypsys","261000","0","17",""
"Angel of Death","Christmas Island","Andrew Jackson Jihad","174000","0","0",""
"Another Travelin&#39; Song","I&#39;m Wide Awake, It&#39;s Morning","Bright Eyes","256000","0","2",""
"Anthem","The Deeper You Dig","Butterfingers","254000","0","2",""
"Anything I&#39;m Not","Lenka","Lenka","198000","0","0",""
"Armageddon","Grand Caravan To The Rim Of The World","3 Melancholy Gypsys","244000","0","11",""
"Arms for Legs","Arms for Legs","Ki:Theory","201000","0","0",""
"Army","The Unauthorized Biography Of Reinhold Messner","Ben Folds Five","203000","0","0",""
"A Song Dedicated to the Memory of Stormy the Rabbit","People Who Can Eat People are the Luckiest People in the World","AJJ","184000","0","5",""
"Aspen Forest","The Fall","Gorillaz","170000","0","0",""
"As The World Turns","The Slim Shady LP","Eminem","265000","0","3",""
"Athena","Let It Burn","Datsik","264000","0","1",""
"A-Tisket A-Tasket","Columbia Jazz","Ella Fitzgerald","163000","0","0",""
"Atomizer","Hello Hello","Midival Punditz","265000","0","0",""
"At The Bottom Of Everything","I&#39;m Wide Awake, It&#39;s Morning","Bright Eyes","274000","0","6",""
"Avenue B","Gypsy Punks: Underdog World Strike","Gogol Bordello","187000","0","4",""
"Axe Is Forever","More Fuel for the Fire - EP","Deer Tick","217000","0","0",""
"Back Pack","Knife Man","AJJ","215000","0","4",""
"Back to Baiai","No Prisoners","Gaudi","284000","0","0",""
"Bad Bad Things","People Who Can Eat People are the Luckiest People in the World","AJJ","119000","0","5",""
"Bad Habits","Too","FIDLAR","332000","5","80",""
"Bad Medicine","Too","FIDLAR","176000","5","86",""
"Bad Meets Evil (feat. Royce Da 5&#39;9&#39;&#39;)","The Slim Shady LP","Eminem","253000","0","4",""
"Bad Religion (Bonus Track)","Believers (Deluxe Edition)","¡Mayday!","175000","5","36",""
"Bad With Love","Tom Ugly EP","Tom Ugly","223000","0","24",""
"Beats By The Pound","The Deeper You Dig","Butterfingers","227000","0","2",""
"Beautiful Mind","Grand Caravan To The Rim Of The World","3 Melancholy Gypsys","319000","0","14",""
"Beautiful Music","The Deeper You Dig","Butterfingers","275000","0","1",""
"Believers","Believers (Deluxe Edition)","¡Mayday!","185000","5","53",""
"Bells and Whistles","People Who Can Eat People are the Luckiest People in the World","AJJ","88000","0","5",""
"Best Friend","Christmas Island","Andrew Jackson Jihad","127000","0","1",""
"Big Bird","Knife Man","AJJ","322000","0","4",""
"Birds Fly Away","Hummingbird, Go!","Theresa Andersson","208000","0","0",""
"Birth, School, Work, Death","The Best Of The Godfathers: Birth, School, Work, Death","The Godfathers","248000","0","0",""
"Bitch (Skit)","The Slim Shady LP","Eminem","19000","0","4",""
"Black And White (7-Inch Version)","Sunbathing Animal","Parquet Courts","184000","0","14",""
"Black And White","Sunbathing Animal","Parquet Courts","182000","0","23",""
"Black Cadillacs","Good News For People Who Love Bad News","Modest Mouse","163000","0","10",""
"Blame It On the Tetons","Good News For People Who Love Bad News","Modest Mouse","324000","0","6",""
"Blasphemy","Draw Attention To Themselves (Wide Release)","Yves Klein Blue","230000","0","30",""
"Bobby In Phoenix (feat. Bobby Womack)","The Fall","Gorillaz","196000","0","0",""
"Bodies Made Of","Sunbathing Animal","Parquet Courts","201000","5","31",""
"Brain Damage","The Slim Shady LP","Eminem","226000","0","6",""
"Brave as a Noun","People Who Can Eat People are the Luckiest People in the World","AJJ","74000","0","7",""
"Brick","Rock (Hip Cuts)","Ben Folds Five","270000","0","0",""
"Broken","Plastic Beach","Gorillaz","197000","0","1",""
"Brompton Cocktail","Avenged Sevenfold","Avenged Sevenfold","252000","0","11",""
"Buckshot","Let It Burn","Datsik","272000","0","1",""
"Bukowski","Good News For People Who Love Bad News","Modest Mouse","254000","0","7",""
"Bury Me With It","Good News For People Who Love Bad News","Modest Mouse","229000","0","10",""
"California And The Slipping Of The Sun","The Fall","Gorillaz","204000","0","0",""
"Calling All Cars","Big Black Hole And The Little Baby Star","Sean Hayes","242000","0","0",""
"Cardboard Castles","Cardboard Castles","Watsky","248000","0","1",""
"Caught Like A Fly","The Drug In Me Is You","Falling In Reverse","276000","1","19",""
"Champagne Supernova","Time Flies...1994-2009","Oasis","453000","0","2",""
"Chant","Grand Caravan To The Rim Of The World","3 Melancholy Gypsys","208000","0","20",""
"Child 2 Man","Grand Caravan To The Rim Of The World","3 Melancholy Gypsys","351000","0","8",""
"Children of God","Christmas Island","Andrew Jackson Jihad","126000","0","1",""
"Clint Eastwood","Gorillaz","Gorillaz","340000","0","1",""
"Clint Eastwood","Gorillaz","Gorillaz","269000","0","1",""
"Closer To The Sun","Let It Burn","Datsik &amp; Bais Haus","427000","0","1",""
"Cloud of Unknowing (feat. Bobby Womack and sinfonia ViVA)","Plastic Beach","Gorillaz","186000","0","1",""
"Cody&#39;s Theme","The Bible 2","AJJ","123000","0","1",""
"Coffin Dance","Christmas Island","Andrew Jackson Jihad","199000","0","1",""
"Color Blue","Grand Caravan To The Rim Of The World","3 Melancholy Gypsys","245000","0","23",""
"Countdown","Grand Caravan To The Rim Of The World","3 Melancholy Gypsys","187000","0","11",""
"Critical Acclaim","Avenged Sevenfold","Avenged Sevenfold","314000","0","12",""
"Crystal Stilts","Alight of Night","Crystal Stilts","177000","0","1",""
"Cult Romance","Tom Ugly EP","Tom Ugly","235000","5","48",""
"Cum On Everybody","The Slim Shady LP","Eminem","219000","0","1",""
"Dance Hall","Good News For People Who Love Bad News","Modest Mouse","177000","0","9",""
"DARE (feat. Shaun Ryder)","Demon Days","Gorillaz","245000","0","2",""
"Dark Center Of The Universe","The Moon &amp; Antarctica","Modest Mouse","303000","0","0",""
"Dashboard","We Were Dead Before The Ship Even Sank","Modest Mouse","246000","0","1",""
"Day Off","Infinite","Sweatshop Union","181000","0","14",""
"Day of the Weird Beginning (2010 Clean Mix)","eXpo","B6","341000","0","0",""
"Dear God","Avenged Sevenfold","Avenged Sevenfold","393000","0","7",""
"Dear Ramona","Sunbathing Animal","Parquet Courts","154000","0","23",""
"Deathlessness","Christmas Island","Andrew Jackson Jihad","220000","0","1",""
"Dedicated to Christina Li","Cardboard Castles","Watsky","335000","0","0",""
"Demon Days","Demon Days","Gorillaz","268000","0","2",""
"Detroit","The Fall","Gorillaz","123000","0","0",""
"Dig Your Grave","Good News For People Who Love Bad News","Modest Mouse","12000","0","10",""
"Dirty Harry","Demon Days","Gorillaz","230000","0","4",""
"Distance","Knife Man","AJJ","153000","0","3",""
"Dogs Were Barking","Gypsy Punks: Underdog World Strike","Gogol Bordello","293000","0","4",""
"Don And Sherri (Original Mix)","Don And Sherri","Matthew Dear","204000","0","0",""
"Don&#39;t Blame Me","The Columbia Years &#39;62-&#39;68","Thelonious Monk","347000","0","0",""
"Don&#39;t Get Lost In Heaven","Demon Days","Gorillaz","131000","0","2",""
"Don&#39;t Look Back In Anger","Familiar To Millions","Oasis","328000","0","1",""
"Don&#39;t Mess With Ouija Boards","The Drug In Me Is You","Falling In Reverse","295000","0","9",""
"Do, Re, and Me","Christmas Island","Andrew Jackson Jihad","119000","0","1",""
"Double Bass","Gorillaz","Gorillaz","286000","0","2",""
"Dracula","Gorillaz","Gorillaz","281000","0","1",""
"Drifting","Hello Hello","Midival Punditz","203000","0","0",""
"Drone","Too","FIDLAR","168000","0","72",""
"Ducking &amp; Dodging","Sunbathing Animal","Parquet Courts","269000","5","34",""
"East Side Swing","Let It Burn","Datsik","236000","0","2",""
"Easy Living","Beautiful Ballads &amp; Love Songs","Billie Holliday","183000","0","0",""
"Education","We Were Dead Before The Ship Even Sank","Modest Mouse","236000","0","1",""
"El Manana","Demon Days","Gorillaz","236000","0","3",""
"Empire Ants (feat. Little Dragon)","Plastic Beach","Gorillaz","283000","0","2",""
"Everybody&#39;s Ugly","Everybody&#39;s Jesus","Butterfingers","165000","0","4",""
"Everybody&#39;s Ugly","The Deeper You Dig","Butterfingers","148000","0","1",""
"Every Planet We Reach Is Dead","Demon Days","Gorillaz","295000","0","3",""
"Every Road","Love Alive (Bonus Track Version)","Jay-J, Big Brooklyn Red","227000","0","0",""
"Everytime","Breakfast At Fatboys","Butterfingers","262000","5","21",""
"Everytime (feat. Del the Funky Homosapien &amp; Adrian Hartley)","Spectacle","Mike Relm","188000","0","0",""
"Family Reunion","Infinite","Sweatshop Union","250000","0","10",""
"Fantasy","Tom Ugly EP","Tom Ugly","277000","0","23",""
"Feed (feat. Snak the Ripper and Def 3)","Infinite","Sweatshop Union","231000","0","12",""
"Feel Good Inc","Demon Days","Gorillaz","222000","0","4",""
"FIGJAM","The Deeper You Dig","Butterfingers","214000","0","4",""
"Fire Coming Out Of The Monkey&#39;s Head","Demon Days","Gorillaz","198000","0","2",""
"Fire It Up","We Were Dead Before The Ship Even Sank","Modest Mouse","274000","0","1",""
"Fireworks","Cardboard Castles","Watsky","152000","0","1",""
"First Day Of My Life","I&#39;m Wide Awake, It&#39;s Morning","Bright Eyes","188000","0","3",""
"Float On","Good News For People Who Love Bad News","Modest Mouse","208000","0","11",""
"Florida","We Were Dead Before The Ship Even Sank","Modest Mouse","177000","0","1",""
"Fly Trapped In a Jar","We Were Dead Before The Ship Even Sank","Modest Mouse","269000","0","1",""
"Forever New","Believers (Deluxe Edition)","¡Mayday!","299000","0","24",""
"For Ex-Lovers Only","Black Tambourine","Black Tambourine","161000","0","0",""
"Free Bird","Knife Man","AJJ","249000","0","3",""
"Fucc the Devil","Knife Man","AJJ","102000","0","3",""
"Getting Naked, Playing with Guns","Christmas Island","Andrew Jackson Jihad","198000","5","9",""
"Get Up Outta The Dirt","The Deeper You Dig","Butterfingers","253000","0","8",""
"Gift of the Magi 2: Return of the Magi","Knife Man","AJJ","120000","0","3",""
"Girlfriend","Girlfriend (Legacy Edition)","Matthew Sweet","220000","0","0",""
"Girl From Gore","Breakfast At Fatboys","Butterfingers","141000","5","18",""
"Glitter Freeze (feat. Mark E Smith)","Plastic Beach","Gorillaz","243000","0","2",""
"Glock Burst","Let It Burn","Datsik &amp; Getter","227000","0","3",""
"Golden Eagle","The Bible 2","AJJ","134000","0","1",""
"Golden Sunshine","The Deeper You Dig","Butterfingers","250000","0","2",""
"Goodbye Graceful","The Drug In Me Is You","Falling In Reverse","287000","0","7",""
"Goodbye, Oh Goodbye","The Bible 2","AJJ","183000","0","1",""
"Good Girls Bad Guys","The Drug In Me Is You","Falling In Reverse","195000","0","12",""
"Good Pressure","Believers (Deluxe Edition)","¡Mayday!","247000","0","29",""
"Gravity Rides Everything","The Moon &amp; Antarctica","Modest Mouse","259000","0","0",""
"Gravity Rides Everything","Accepted: Original Motion Picture Soundtrack","Modest Mouse","260000","0","0",""
"Guilty Conscience (feat. Dr. Dre)","The Slim Shady LP","Eminem","199000","0","7",""
"Gunslinger","Avenged Sevenfold","Avenged Sevenfold","251000","0","17",""
"Halo","Grand Caravan To The Rim Of The World","3 Melancholy Gypsys","253000","5","36",""
"Happy Well Adjusted Psychopath","The Deeper You Dig","Butterfingers","100000","0","2",""
"Hate, Rain on Me","Knife Man","AJJ","126000","0","3",""
"Have Yourself A Merry Little Christmas","December","Chris Botti","271000","0","0",""
"Helplessly Young","Eggs","Oh No Ono","186000","0","0",""
"Here to Stay","Arms for Legs","Ki:Theory","177000","0","0",""
"Hero/Heroine","Boys Like Girls","Boys Like Girls","232000","0","0",""
"Hey, Asshole (feat. Kate Nash)","Cardboard Castles","Watsky","247000","0","0",""
"Hey Johnny","Too","FIDLAR","207000","0","59",""
"High Pockets and a Fanny Pack","Gentlemen, I Neglected To Inform You You Will Not Be Getting Paid","Charlie Hunter","242000","0","0",""
"HighRide","Believers (Deluxe Edition)","¡Mayday!","220000","0","34",""
"HillBilly Man","The Fall","Gorillaz","230000","0","0",""
"Hit Me","Adrenaline","Zeds Dead","247000","0","6",""
"Hold It Down (feat. Georgia Murray)","Let It Burn","Datsik","274000","0","2",""
"Honestly","Warped Tour Session","Cartel","214000","0","0",""
"Hook Up","Breakfast At Fatboys","Butterfingers","235000","0","7",""
"Horn Intro","Good News For People Who Love Bad News","Modest Mouse","9000","0","10",""
"How Many People","Blue Volume","Joelistics","315000","0","15",""
"How Will I Laugh Tomorrow","How Will I Laugh Tomorrow When I Can&#39;T Even Smile Today","Suicidal Tendencies","403000","0","0",""
"Hurt Me So Bad","Breakfast At Fatboys","Butterfingers","314000","0","6",""
"I Came As A Rat","The Moon &amp; Antarctica","Modest Mouse","228000","0","0",""
"If I Had","The Slim Shady LP","Eminem","245000","0","5",""
"If You Have Love in Your Heart","Knife Man","AJJ","90000","0","2",""
"Illumanation","Gypsy Punks: Underdog World Strike","Gogol Bordello","232000","0","3",""
"I Love Work","Breakfast At Fatboys","Butterfingers","252000","5","31",""
"Immigrant Punk","Gypsy Punks: Underdog World Strike","Gogol Bordello","225000","0","4",""
"I&#39;m Not A Vampire","The Drug In Me Is You","Falling In Reverse","231000","0","13",""
"I&#39;m Shady","The Slim Shady LP","Eminem","211000","0","4",""
"In A Sentimental Mood","Love Jones The Music","Duke Ellington &amp; John Coltrane","256000","0","0",""
"Infinite","Infinite","Sweatshop Union","187000","0","17",""
"Instant Disassembly","Sunbathing Animal","Parquet Courts","432000","5","41",""
"Interlude","Grand Caravan To The Rim Of The World","3 Melancholy Gypsys","13000","0","9",""
"Interlude","Grand Caravan To The Rim Of The World","3 Melancholy Gypsys","56000","0","16",""
"Interlude (Milo)","Good News For People Who Love Bad News","Modest Mouse","58000","0","6",""
"In the Beginning","Adrenaline","Zeds Dead","229000","0","7",""
"Into The Garden","Sunbathing Animal","Parquet Courts","180000","0","19",""
"Intro","Demon Days","Gorillaz","67000","0","3",""
"Intro","Grand Caravan To The Rim Of The World","3 Melancholy Gypsys","71000","0","14",""
"Invisible","We Were Dead Before The Ship Even Sank","Modest Mouse","239000","0","3",""
"Is It Just Me","Breakfast At Fatboys","Butterfingers","217000","0","4",""
"I&#39;ve Been Waiting","Girlfriend (Legacy Edition)","Matthew Sweet","225000","0","0",""
"I Wanna Rock Out in My Dreams","Christmas Island","Andrew Jackson Jihad","205000","0","1",""
"Jesus I Was Evil","Everybody&#39;s Jesus","Butterfingers","107000","0","3",""
"Junkie Church","The Bible 2","AJJ","160000","0","1",""
"Just Don&#39;t Give A Fuck","The Slim Shady LP","Eminem","242000","0","3",""
"Ken Kaniff (Skit)","The Slim Shady LP","Eminem","76000","0","2",""
"Kids With Guns (feat. Neneh Cherry)","Demon Days","Gorillaz","225000","0","3",""
"Kill a Hipster (feat. Chinaka Hodge)","Cardboard Castles","Watsky","265000","0","1",""
"King of the Beach","Infinite","Sweatshop Union","236000","0","15",""
"Kokopelli Face Tattoo","Christmas Island","Andrew Jackson Jihad","199000","0","1",""
"L.A.M.M.","Infinite","Sweatshop Union","243000","0","10",""
"Landing","Grand Caravan To The Rim Of The World","3 Melancholy Gypsys","237000","5","27",""
"Land Locked Blues","I&#39;m Wide Awake, It&#39;s Morning","Bright Eyes","347000","5","14",""
"Last Living Souls","Demon Days","Gorillaz","195000","0","3",""
"Last One Standing","Believers (Deluxe Edition)","¡Mayday!","278000","0","27",""
"Last Words (Radio Edit)","Last Words (Radio Edit)","The Real Tuesday Weld","227000","0","0",""
"Latin Simone (Que Pasa Contigo)","Gorillaz","Gorillaz","218000","0","0",""
"Laura","Sax For Lovers","Dexter Gordon","457000","0","0",""
"Leave Me Alone","Too","FIDLAR","200000","5","93",""
"Left Hand Suzuki Method","Gorillaz","Gorillaz","192000","0","1",""
"Leisure Gang","Infinite","Sweatshop Union","170000","0","10",""
"Let It Burn","Let It Burn","Datsik","264000","0","3",""
"Let&#39;s Go!","Songs for Tuesdays","Summer Cats","134000","0","0",""
"Life Like Weeds","The Moon &amp; Antarctica","Modest Mouse","390000","0","0",""
"Like Em When","The Deeper You Dig","Butterfingers","237000","0","2",""
"Linda Ronstadt","Christmas Island","Andrew Jackson Jihad","180000","0","1",""
"Listen Up (feat. Claire Mortifee)","Infinite","Sweatshop Union","224000","0","11",""
"Little Motel","We Were Dead Before The Ship Even Sank","Modest Mouse","284000","0","1",""
"Little Pink Plastic Bags","The Fall","Gorillaz","189000","0","0",""
"Little Secrets","Manners","Passion Pit","239000","0","1",""
"Live Forever","Familiar To Millions","Oasis","310000","0","1",""
"Lives","The Moon &amp; Antarctica","Modest Mouse","198000","0","0",""
"Lost","Avenged Sevenfold","Avenged Sevenfold","301000","0","10",""
"Lounge (Skit)","The Slim Shady LP","Eminem","46000","0","3",""
"LOVE BARGE","SLAM","Big Dipper","215000","0","0",""
"Love","Infinite","Sweatshop Union","204000","0","12",""
"Love Is A Dirty Word","Rat A Tat Tat","Jason Collett","162000","0","0",""
"Lua","I&#39;m Wide Awake, It&#39;s Morning","Bright Eyes","271000","0","3",""
"M1 A1","Gorillaz","Gorillaz","241000","0","2",""
"Mach 5","II","The Presidents of the United States of America","196000","0","0",""
"Makes Me Happy","Undersea Poem","Undersea Poem","204000","0","0",""
"Mandarines","Breakfast At Fatboys","Butterfingers","237000","5","16",""
"Man Research (Clapper)","Gorillaz","Gorillaz","272000","0","2",""
"Marathon Man","Believers (Deluxe Edition)","¡Mayday!","283000","0","24",""
"Marching Through Your Head","Say Us","Zeus","144000","0","0",""
"March Into the Sea","We Were Dead Before The Ship Even Sank","Modest Mouse","210000","0","2",""
"Menina que Corre","Undersea Poem","Undersea Poem","208000","0","0",""
"Minnie The Moocher (Theme Song)","Best Of The Big Bands","Cab Calloway","194000","0","0",""
"Mishto","Gypsy Punks: Underdog World Strike","Gogol Bordello","411000","0","2",""
"Missed the Boat","We Were Dead Before The Ship Even Sank","Modest Mouse","264000","0","1",""
"Moral of the Story","Cardboard Castles","Watsky","240000","0","2",""
"Mortuary Mary","Believers (Deluxe Edition)","¡Mayday!","176000","0","24",""
"Moth&#39;s Wings","Manners","Passion Pit","256000","0","5",""
"My Brain Is a Human Body","The Bible 2","AJJ","134000","0","1",""
"My Fault","The Slim Shady LP","Eminem","241000","1","1",""
"My Life","Believers (Deluxe Edition)","¡Mayday!","230000","0","25",""
"My Name Is","The Slim Shady LP","Eminem","268000","0","7",""
"My Thoughts","Arms for Legs","Ki:Theory","300000","0","0",""
"Nautilus","Grand Caravan To The Rim Of The World","3 Melancholy Gypsys","236000","0","27",""
"Never Young","Gypsy Punks: Underdog World Strike","Gogol Bordello","226000","0","4",""
"New Genius (Brother)","Gorillaz","Gorillaz","239000","0","2",""
"No More Shame, No More Fear, No More Dread","The Bible 2","AJJ","260000","0","1",""
"No More Tears","People Who Can Eat People are the Luckiest People in the World","AJJ","62000","0","5",""
"No One","Knife Man","AJJ","248000","0","3",""
"Not A Crime","Gypsy Punks: Underdog World Strike","Gogol Bordello","271000","0","4",""
"Nothing Like You","The Winter of Mixed Drinks","Frightened Rabbit","184000","0","0",""
"Not What I Want","Draw Attention To Themselves (Wide Release)","Yves Klein Blue","208000","0","34",""
"November Has Come","Demon Days","Gorillaz","165000","0","3",""
"NVSBL","Infinite","Sweatshop Union","224000","0","12",""
"Ocean Breathes Salty","Good News For People Who Love Bad News","Modest Mouse","224000","0","9",""
"O Green World","Demon Days","Gorillaz","275000","0","4",""
"Oh No","Gypsy Punks: Underdog World Strike","Gogol Bordello","179000","0","4",""
"Oh No","Adrenaline","Zeds Dead","231000","0","7",""
"Old Soul Song (For The New World Order)","I&#39;m Wide Awake, It&#39;s Morning","Bright Eyes","269000","0","3",""
"One Chance","Good News For People Who Love Bad News","Modest Mouse","181000","0","8",""
"One O&#39;Clock Jump","America&#39;s #1 Band","Count Basie &amp; His Orchestra","183000","0","0",""
"One O&#39;Clock Jump","Benny Goodman: Very Best of Benny Goodman","Benny Goodman","195000","0","0",""
"On Melancholy Hill","Plastic Beach","Gorillaz","233000","0","2",""
"On That Jack","Believers (Deluxe Edition)","¡Mayday!","237000","0","25",""
"Orchestral Intro (feat. sinfonia ViVA)","Plastic Beach","Gorillaz","69000","0","3",""
"Outta Sight (Luke Vibert Remix)","The Ghostly Remixes","Osborne","307000","0","0",""
"Overdose","Too","FIDLAR","228000","5","83",""
"Oxygen (feat. Zyme)","Let It Burn","Datsik","224000","0","1",""
"Paper Thin Walls","The Moon &amp; Antarctica","Modest Mouse","182000","0","5",""
"Parting of the Sensory","We Were Dead Before The Ship Even Sank","Modest Mouse","334000","0","1",""
"Paul (Skit)","The Slim Shady LP","Eminem","15000","0","4",""
"Peace and Love","Peace &amp; Love","Juliana Hatfield","185000","0","0",""
"People As Places As People","We Were Dead Before The Ship Even Sank","Modest Mouse","222000","0","2",""
"People","People Who Can Eat People are the Luckiest People in the World","AJJ","137000","0","5",""
"People II 2: Still Peoplin&#39;","Knife Man","AJJ","189000","0","3",""
"People Ii: The Reckoning","People Who Can Eat People are the Luckiest People in the World","AJJ","248000","0","6",""
"Perfect Disguise","The Moon &amp; Antarctica","Modest Mouse","161000","0","0",""
"Personal Space Invader","People Who Can Eat People are the Luckiest People in the World","AJJ","179000","0","6",""
"Phoner To Arizona","The Fall","Gorillaz","254000","0","0",""
"Pick Up The Phone","The Drug In Me Is You","Falling In Reverse","277000","0","11",""
"Pick Up The Phone","Fixin to Thrill","Dragonette","216000","0","0",""
"Pirate Jet","Plastic Beach","Gorillaz","152000","0","1",""
"Piss On Ya","Breakfast At Fatboys","Butterfingers","336000","5","14",""
"Plastic Beach (feat. Mick Jones and Paul Simonon)","Plastic Beach","Gorillaz","227000","0","1",""
"Poison Oak","I&#39;m Wide Awake, It&#39;s Morning","Bright Eyes","279000","0","3",""
"Polka","Draw Attention To Themselves (Wide Release)","Yves Klein Blue","249000","5","64",""
"Powerful Stuff","Run Wolves Run","Sean Hayes","215000","0","0",""
"Public Service Announcement","The Slim Shady LP","Eminem","33000","0","5",""
"Punk","Gorillaz","Gorillaz","98000","0","1",""
"Punks","Too","FIDLAR","162000","0","75",""
"Quiet Little Voices","These Four Walls","We Were Promised Jetpacks","261000","0","0",""
"Raised By Wolves","The Drug In Me Is You","Falling In Reverse","204000","0","10",""
"Rally Rasser Good","Ghostly By Night","Matthew Dear","277000","0","0",""
"Randy&#39;s House","People Who Can Eat People are the Luckiest People in the World","AJJ","83000","0","6",""
"Raw Milk","Sunbathing Animal","Parquet Courts","239000","0","12",""
"Re-Hash","Gorillaz","Gorillaz","220000","0","3",""
"Rejoice","People Who Can Eat People are the Luckiest People in the World","AJJ","195000","0","7",""
"Revolving Doors","The Fall","Gorillaz","206000","0","0",""
"Rhinestone Eyes","Plastic Beach","Gorillaz","200000","0","4",""
"Road To Joy","I&#39;m Wide Awake, It&#39;s Morning","Bright Eyes","234000","0","2",""
"Rock Bottom","The Slim Shady LP","Eminem","214000","0","3",""
"Rock the House","Gorillaz","Gorillaz","249000","0","1",""
"Role Model","The Slim Shady LP","Eminem","205000","0","5",""
"Roll Again","Tom Ugly EP","Tom Ugly","211000","0","25",""
"Rosa (Rodney Hunter Version)","Pony - No Hassle Versions","Tosca","417000","0","0",""
"Sad Songs (Intermission)","Knife Man","AJJ","235000","0","3",""
"Sally","Gypsy Punks: Underdog World Strike","Gogol Bordello","182000","0","3",""
"Santa Marinella","Gypsy Punks: Underdog World Strike","Gogol Bordello","328000","0","2",""
"Satin In A Coffin","Good News For People Who Love Bad News","Modest Mouse","155000","0","9",""
"Save Ferris","Believers (Deluxe Edition)","¡Mayday!","243000","0","23",""
"Sci-Fi Kid","Wild Mountain Nation","Blitzen Trapper","184000","0","1",""
"Scream Aim Fire","Scream, Aim &amp; Fire","Bullet For My Valentine","268000","0","2",""
"Scream","Avenged Sevenfold","Avenged Sevenfold","288000","0","14",""
"Scum","Let It Burn","Datsik","228000","0","1",""
"Seattle Yodel","The Fall","Gorillaz","38000","0","0",""
"Send in the Sun","Cardboard Castles","Watsky","261000","0","1",""
"Serious Ting","No Prisoners","Gaudi","316000","0","0",""
"She&#39;s Rolling","Sunbathing Animal","Parquet Courts","393000","0","15",""
"Shortcuts and Dead Ends","Believers (Deluxe Edition)","¡Mayday!","285000","0","23",""
"Shots Fired","Believers (Deluxe Edition)","¡Mayday!","232000","0","31",""
"Shy","Ashes Grammar","A Sunny Day In Glasgow","344000","0","0",""
"Shy-town","The Fall","Gorillaz","174000","0","0",""
"Signs","Grand Caravan To The Rim Of The World","3 Melancholy Gypsys","238000","5","59",""
"Silence Is Distance","Draw Attention To Themselves (Wide Release)","Yves Klein Blue","212000","0","33",""
"Sing","12 Memories / The invisible band","Travis","229000","0","0",""
"Sing, Sing, Sing (With A Swing)","Big Band instrumentals: 16 Most Requested Songs","Benny Goodman &amp; His Orchestra","733000","0","0",""
"Sink or Swim","Infinite","Sweatshop Union","156000","5","33",""
"Sink Or Swim","The Drug In Me Is You","Falling In Reverse","285000","0","8",""
"Ska All Over The World","The Real Jamaica Ska","Jimmy Cliff","160000","0","0",""
"Ska Chase","The Deeper You Dig","Butterfingers","227000","0","3",""
"Skate Park","Knife Man","AJJ","105000","0","3",""
"Skit #1","Cardboard Castles","Watsky","37000","0","0",""
"Skit #2","Cardboard Castles","Watsky","74000","0","0",""
"Skulltaste","Skulltaste","Mux Mool","220000","0","0",""
"Sloppy Seconds","Cardboard Castles","Watsky","245000","0","1",""
"Slow Country","Gorillaz","Gorillaz","217000","0","0",""
"Small Red Boy","The Bible 2","AJJ","290000","0","1",""
"Smell You On Me","Breakfast At Fatboys","Butterfingers","136000","0","4",""
"Smith Hill","Born on Flag Day","Deer Tick","221000","0","0",""
"Snatch And Grab","Breakfast At Fatboys","Butterfingers","232000","5","21",""
"Soap (Skit)","The Slim Shady LP","Eminem","34000","0","3",""
"Sober","Too","FIDLAR","146000","5","99",""
"So Far Away","Social Distortion","Social Distortion","217000","0","0",""
"Some Kind of Nature (feat. Lou Reed)","Plastic Beach","Gorillaz","179000","0","2",""
"Song of Night","eXpo","ZLOX","219000","0","0",""
"Sorry Bro","Knife Man","AJJ","117000","0","3",""
"Sorry","Breakfast At Fatboys","Butterfingers","174000","0","6",""
"Sound Check (Gravity)","Gorillaz","Gorillaz","282000","0","2",""
"Space Bears","Infinite","Sweatshop Union","221000","0","16",""
"Speak Your Mind","Breakfast At Fatboys","Butterfingers","221000","0","6",""
"Spitting Venom","We Were Dead Before The Ship Even Sank","Modest Mouse","507000","0","1",""
"Starshine","Gorillaz","Gorillaz","213000","0","2",""
"Start Wearing Purple","Gypsy Punks: Underdog World Strike","Gogol Bordello","222000","0","5",""
"Steam Engenius","We Were Dead Before The Ship Even Sank","Modest Mouse","266000","0","1",""
"Still Don&#39;t Give A Fuck","The Slim Shady LP","Eminem","252000","0","2",""
"St. James Infirmary","The Essential Louis Armstrong","Louis Armstrong","201000","0","0",""
"Story Of My Life","Social Distortion","Social Distortion","346000","0","0",""
"Strong As an Oak","Cardboard Castles","Watsky","259000","0","1",""
"Strongman","Arms for Legs","Ki:Theory","300000","0","1",""
"Stun Gun Stickup","Believers (Deluxe Edition)","¡Mayday!","216000","0","19",""
"Stupid Decisions","Too","FIDLAR","211000","0","59",""
"Stylo (feat. Mos Def and Bobby Womack)","Plastic Beach","Gorillaz","270000","0","7",""
"Sunbathing Animal","Sunbathing Animal","Parquet Courts","232000","0","16",""
"Superfast Jellyfish (feat. Gruff Rhys and De La Soul)","Plastic Beach","Gorillaz","174000","0","4",""
"Survival Song","People Who Can Eat People are the Luckiest People in the World","AJJ","148000","0","5",""
"Sweepstakes (feat. Mos Def and Hypnotic Brass Ensemble)","Plastic Beach","Gorillaz","320000","0","1",""
"Swim Until You Can&#39;t See Land","The Winter of Mixed Drinks","Frightened Rabbit","259000","0","0",""
"Tear Shit Down","Believers (Deluxe Edition)","¡Mayday!","217000","0","25",""
"Temple Grandin","Christmas Island","Andrew Jackson Jihad","142000","0","1",""
"Temple Grandin Too","Christmas Island","Andrew Jackson Jihad","134000","0","1",""
"Terrifyer","The Bible 2","AJJ","148000","0","1",""
"That was Summer","Arms for Legs","Ki:Theory","271000","0","0",""
"The Cold Part","The Moon &amp; Antarctica","Modest Mouse","300000","0","1",""
"The Drug In Me Is You","The Drug In Me Is You","Falling In Reverse","218000","0","13",""
"The Fight (Bonus Track)","Believers (Deluxe Edition)","¡Mayday!","225000","0","19",""
"The Freshmen","Villains","The Verve Pipe","270000","0","0",""
"The Good Times Are Killing Me","Good News For People Who Love Bad News","Modest Mouse","256000","0","6",""
"The Joplin Spider","The Fall","Gorillaz","202000","0","0",""
"The Legend of Hardhead Ned (feat. Dylan Saunders)","Cardboard Castles","Watsky","228000","0","0",""
"The Michael Jordan of Drunk Driving","Knife Man","AJJ","22000","0","4",""
"The Parish of Space Dust","The Fall","Gorillaz","145000","0","0",""
"The Plannit","Grand Caravan To The Rim Of The World","3 Melancholy Gypsys","348000","0","18",""
"The Smallest Piece","Arms for Legs","Ki:Theory","263000","0","0",""
"The Snake In Dallas","The Fall","Gorillaz","131000","0","0",""
"The Speak It Mountains","The Fall","Gorillaz","134000","0","0",""
"The Stars Are Projectors","The Moon &amp; Antarctica","Modest Mouse","526000","0","0",""
"The View","Good News For People Who Love Bad News","Modest Mouse","250000","0","7",""
"The Westerner","The Drug In Me Is You","Falling In Reverse","231000","5","24",""
"The World At Large","Good News For People Who Love Bad News","Modest Mouse","272000","0","10",""
"Think Locally, Fuck Globally","Gypsy Punks: Underdog World Strike","Gogol Bordello","263000","0","3",""
"This Devil&#39;s Workday","Good News For People Who Love Bad News","Modest Mouse","139000","0","9",""
"Thunder","Boys Like Girls","Boys Like Girls","237000","0","0",""
"Tidal Wave","Fun Trick Noisemaker","The Apples in Stereo","206000","0","0",""
"Time Granted","Infinite","Sweatshop Union","237000","0","10",""
"Tiny Cities Made Of Ashes","The Moon &amp; Antarctica","Modest Mouse","221000","0","1",""
"Tiny Glowing Screens Part 1","Cardboard Castles","Watsky","295000","0","1",""
"Tiny Glowing Screens Part 2","Cardboard Castles","Watsky","164000","0","1",""
"To Binge (feat. Little Dragon)","Plastic Beach","Gorillaz","235000","0","1",""
"Tomorrow Comes Today","Gorillaz","Gorillaz","193000","0","3",""
"Tragic Magic","The Drug In Me Is You","Falling In Reverse","246000","0","9",""
"Train Under Water","I&#39;m Wide Awake, It&#39;s Morning","Bright Eyes","365000","0","2",""
"Trip At The Brain","How Will I Laugh Tomorrow When I Can&#39;T Even Smile Today","Suicidal Tendencies","271000","0","0",""
"Truck On","Truck On","Simple Kid","229000","0","0",""
"Truth is Ruthless","Arms for Legs","Ki:Theory","231000","0","0",""
"Turkey Jerky","The Deeper You Dig","Butterfingers","136000","0","2",""
"Turn Me On","The Blues","Nina Simone","145000","0","0",""
"Ugly Faces","Cardboard Castles","Watsky","175000","0","1",""
"Unbound [The Wild Ride]","Avenged Sevenfold","Avenged Sevenfold","311000","0","12",""
"Underdog World Strike","Gypsy Punks: Underdog World Strike","Gogol Bordello","324000","0","3",""
"Undestructable","Gypsy Punks: Underdog World Strike","Gogol Bordello","293000","0","2",""
"Unplug","Believers (Deluxe Edition)","¡Mayday!","283000","5","52",""
"Up All Night","Sunbathing Animal","Parquet Courts","62000","0","10",""
"Upstream (Bonus Track)","Believers (Deluxe Edition)","¡Mayday!","218000","0","11",""
"Variety","The Deeper You Dig","Butterfingers","327000","0","2",""
"Vienna II","Sunbathing Animal","Parquet Courts","62000","0","15",""
"We Are Nowhere And It&#39;s Now","I&#39;m Wide Awake, It&#39;s Morning","Bright Eyes","252000","0","2",""
"Welcome To The World of The Plastic Beach (feat. Snoop Dogg and Hypnotic Brass Ensemble)","Plastic Beach","Gorillaz","215000","0","4",""
"We Ready (feat. Def 3)","Infinite","Sweatshop Union","171000","0","12",""
"West Coast","Too","FIDLAR","202000","0","70",""
"We&#39;ve Got Everything","We Were Dead Before The Ship Even Sank","Modest Mouse","220000","0","1",""
"What Color Is Blood","Sunbathing Animal","Parquet Courts","204000","0","26",""
"What People Are Made Of","The Moon &amp; Antarctica","Modest Mouse","135000","0","0",""
"When I&#39;m a Dead Boy","The Bible 2","AJJ","93000","0","1",""
"When the Saints Go Marching In","Where Y&#39;at?","Rebirth Brass Band","385000","0","0",""
"Which Way Is Up?","It&#39;s Time - Singles and EPs 2005-08","Cause Co-Motion!","92000","0","0",""
"White Flag (feat. Bashy, Kano and The National Orchestra For Arabic Music)","Plastic Beach","Gorillaz","223000","0","4",""
"White Light","Demon Days","Gorillaz","133000","0","3",""
"White Worms","The Bible 2","AJJ","163000","0","1",""
"Why Does It Always Rain On Me?","The Man Who","Travis","265000","0","0",""
"Why Generation","Too","FIDLAR","268000","0","69",""
"Wild Mountain Nation","Wild Mountain Nation","Blitzen Trapper","162000","0","3",""
"Wild Packs Of Family Dogs","The Moon &amp; Antarctica","Modest Mouse","104000","0","0",""
"Wonderwall","(What&#39;s The Story) Morning Glory?","Oasis","259000","0","0",""
"World Sick","World Sick","Broken Social Scene","408000","0","0",""
"Yo Mama","Breakfast At Fatboys","Butterfingers","200000","0","4",""
"Young Man","Grand Caravan To The Rim Of The World","3 Melancholy Gypsys","249000","0","17",""
"Zombie by the Cranberries by Andrew Jackson Jihad","Knife Man","AJJ","151000","0","3",""
